{
    "scale": 2.512478340141019e-07,
    "background": 0.0,
    "v_core": 23441.343851477675,
    "v_corona": 13145.839625490788,
    "sld_solvent": 5.664,
    "sld_core": 1.85,
    "sld_corona": 0.817,
    "radius_core": 99.27967459649562,
    "radius_core_pd": 0.48496225117646574,
    "radius_core_pd_n": 35.0,
    "radius_core_pd_nsigma": 3.0,
    "rg": 15.522288749619959,
    "rg_pd": 0.29999999999439886,
    "rg_pd_n": 35.0,
    "rg_pd_nsigma": 3.0,
    "d_penetration": 0.9999999999989595,
    "n_aggreg": 174.8586572069739,
    "up_frac_i": 0.0,
    "up_frac_f": 0.0,
    "up_angle": 0.0,
    "up_phi": 0.0,
    "sld_solvent_M0": 0.0,
    "sld_solvent_mtheta": 0.0,
    "sld_solvent_mphi": 0.0,
    "sld_core_M0": 0.0,
    "sld_core_mtheta": 0.0,
    "sld_core_mphi": 0.0,
    "sld_corona_M0": 0.0,
    "sld_corona_mtheta": 0.0,
    "sld_corona_mphi": 0.0
}