{
    "scale": 3.579857540681646e-07,
    "background": 0.0,
    "v_core": 15478.728638436052,
    "v_corona": 13643.24977348233,
    "sld_solvent": 6.352,
    "sld_core": 1.85,
    "sld_corona": 0.817,
    "radius_core": 104.21419038164117,
    "radius_core_pd": 0.48035612909288383,
    "radius_core_pd_n": 35.0,
    "radius_core_pd_nsigma": 3.0,
    "rg": 21.500178117705055,
    "rg_pd": 0.2999999999824169,
    "rg_pd_n": 35.0,
    "rg_pd_nsigma": 3.0,
    "d_penetration": 0.9999999999950734,
    "n_aggreg": 306.29076286249676,
    "up_frac_i": 0.0,
    "up_frac_f": 0.0,
    "up_angle": 0.0,
    "up_phi": 0.0,
    "sld_solvent_M0": 0.0,
    "sld_solvent_mtheta": 0.0,
    "sld_solvent_mphi": 0.0,
    "sld_core_M0": 0.0,
    "sld_core_mtheta": 0.0,
    "sld_core_mphi": 0.0,
    "sld_corona_M0": 0.0,
    "sld_corona_mtheta": 0.0,
    "sld_corona_mphi": 0.0
}