{
    "scale": 5.288013696237683e-07,
    "background": 0.0,
    "v_core": 8037.032177649488,
    "v_corona": 13643.24977348233,
    "sld_solvent": 5.664,
    "sld_core": 1.85,
    "sld_corona": 0.817,
    "radius_core": 29.946193265200485,
    "radius_core_pd": 0.2349633746145529,
    "radius_core_pd_n": 35.0,
    "radius_core_pd_nsigma": 3.0,
    "rg": 45.52950137436187,
    "rg_pd": 0.07371405982292091,
    "rg_pd_n": 35.0,
    "rg_pd_nsigma": 3.0,
    "d_penetration": 0.9999999999999996,
    "n_aggreg": 13.996445952646544,
    "up_frac_i": 0.0,
    "up_frac_f": 0.0,
    "up_angle": 0.0,
    "up_phi": 0.0,
    "sld_solvent_M0": 0.0,
    "sld_solvent_mtheta": 0.0,
    "sld_solvent_mphi": 0.0,
    "sld_core_M0": 0.0,
    "sld_core_mtheta": 0.0,
    "sld_core_mphi": 0.0,
    "sld_corona_M0": 0.0,
    "sld_corona_mtheta": 0.0,
    "sld_corona_mphi": 0.0
}