{
    "scale": 2.73915369465273e-07,
    "background": 0.0,
    "v_core": 8930.035752943877,
    "v_corona": 12790.546662639685,
    "sld_solvent": 6.352,
    "sld_core": 1.85,
    "sld_corona": 0.817,
    "radius_core": 76.67835214614243,
    "radius_core_pd": 0.49061932507991435,
    "radius_core_pd_n": 35.0,
    "radius_core_pd_nsigma": 3.0,
    "rg": 16.534174812345928,
    "rg_pd": 0.2999999999980402,
    "rg_pd_n": 35.0,
    "rg_pd_nsigma": 3.0,
    "d_penetration": 0.9999999999983364,
    "n_aggreg": 211.47241502434542,
    "up_frac_i": 0.0,
    "up_frac_f": 0.0,
    "up_angle": 0.0,
    "up_phi": 0.0,
    "sld_solvent_M0": 0.0,
    "sld_solvent_mtheta": 0.0,
    "sld_solvent_mphi": 0.0,
    "sld_core_M0": 0.0,
    "sld_core_mtheta": 0.0,
    "sld_core_mphi": 0.0,
    "sld_corona_M0": 0.0,
    "sld_corona_mtheta": 0.0,
    "sld_corona_mphi": 0.0
}