{
    "scale": 1.2892304718020126e-07,
    "background": 0.0,
    "v_core": 14883.392921573128,
    "v_corona": 36575.32993995549,
    "sld_solvent": 6.352,
    "sld_core": 1.85,
    "sld_corona": 0.817,
    "radius_core": 90.20265526733328,
    "radius_core_pd": 0.27275657939590303,
    "radius_core_pd_n": 35.0,
    "radius_core_pd_nsigma": 3.0,
    "rg": 15.679408791506514,
    "rg_pd": 1.7590793214085932e-08,
    "rg_pd_n": 35.0,
    "rg_pd_nsigma": 3.0,
    "d_penetration": 0.8420915588032984,
    "n_aggreg": 206.55924036705338,
    "up_frac_i": 0.0,
    "up_frac_f": 0.0,
    "up_angle": 0.0,
    "up_phi": 0.0,
    "sld_solvent_M0": 0.0,
    "sld_solvent_mtheta": 0.0,
    "sld_solvent_mphi": 0.0,
    "sld_core_M0": 0.0,
    "sld_core_mtheta": 0.0,
    "sld_core_mphi": 0.0,
    "sld_corona_M0": 0.0,
    "sld_corona_mtheta": 0.0,
    "sld_corona_mphi": 0.0
}