{
    "scale": 3.5495873655484974e-07,
    "background": 0.0,
    "v_core": 14883.392921573128,
    "v_corona": 36575.32993995549,
    "sld_solvent": 6.357,
    "sld_core": 1.85,
    "sld_corona": 0.817,
    "radius_core": 62.835786182868674,
    "radius_core_pd": 0.2661344801027285,
    "radius_core_pd_n": 35.0,
    "radius_core_pd_nsigma": 3.0,
    "rg": 35.06294603138239,
    "rg_pd": 0.10377985236918237,
    "rg_pd_n": 35.0,
    "rg_pd_nsigma": 3.0,
    "d_penetration": 0.8718937311375254,
    "n_aggreg": 69.82449793950914,
    "up_frac_i": 0.0,
    "up_frac_f": 0.0,
    "up_angle": 0.0,
    "up_phi": 0.0,
    "sld_solvent_M0": 0.0,
    "sld_solvent_mtheta": 0.0,
    "sld_solvent_mphi": 0.0,
    "sld_core_M0": 0.0,
    "sld_core_mtheta": 0.0,
    "sld_core_mphi": 0.0,
    "sld_corona_M0": 0.0,
    "sld_corona_mtheta": 0.0,
    "sld_corona_mphi": 0.0
}