{
    "scale": 1.9481849395269023e-06,
    "background": 0.0,
    "A_radius_effective": 12.88577976589554,
    "A_volfraction": 0.20532016859869467,
    "B_v_core": 22027.421523928228,
    "B_v_corona": 12506.312292358802,
    "B_sld_solvent": 6.352,
    "B_sld_core": 1.85,
    "B_sld_corona": 0.817,
    "B_radius_core": 145.78684250996514,
    "B_radius_core_pd": 0.3031769860279812,
    "B_radius_core_pd_n": 35.0,
    "B_radius_core_pd_nsigma": 3.0,
    "B_rg": 55.12544340452613,
    "B_rg_pd": 0.2999999949136842,
    "B_rg_pd_n": 35.0,
    "B_rg_pd_nsigma": 3.0,
    "B_d_penetration": 0.7500000006644274,
    "B_n_aggreg": 589.2233332996393,
    "up_frac_i": 0.0,
    "up_frac_f": 0.0,
    "up_angle": 0.0,
    "up_phi": 0.0,
    "B_sld_solvent_M0": 0.0,
    "B_sld_solvent_mtheta": 0.0,
    "B_sld_solvent_mphi": 0.0,
    "B_sld_core_M0": 0.0,
    "B_sld_core_mtheta": 0.0,
    "B_sld_core_mphi": 0.0,
    "B_sld_corona_M0": 0.0,
    "B_sld_corona_mtheta": 0.0,
    "B_sld_corona_mphi": 0.0
}