{
    "scale": 7.505899476265738e-07,
    "background": 0.0,
    "A_radius_effective": 52.60002257833925,
    "A_volfraction": 0.20620642311350632,
    "B_v_core": 13692.721487847277,
    "B_v_corona": 12222.07792207792,
    "B_sld_solvent": 5.664,
    "B_sld_core": 1.85,
    "B_sld_corona": 0.817,
    "B_radius_core": 75.40210594693042,
    "B_radius_core_pd": 0.490550805925157,
    "B_radius_core_pd_n": 35.0,
    "B_radius_core_pd_nsigma": 3.0,
    "B_rg": 29.850260512178814,
    "B_rg_pd": 0.2999998339791498,
    "B_rg_pd_n": 35.0,
    "B_rg_pd_nsigma": 3.0,
    "B_d_penetration": 0.999999231868574,
    "B_n_aggreg": 131.14425240811062,
    "up_frac_i": 0.0,
    "up_frac_f": 0.0,
    "up_angle": 0.0,
    "up_phi": 0.0,
    "B_sld_solvent_M0": 0.0,
    "B_sld_solvent_mtheta": 0.0,
    "B_sld_solvent_mphi": 0.0,
    "B_sld_core_M0": 0.0,
    "B_sld_core_mtheta": 0.0,
    "B_sld_core_mphi": 0.0,
    "B_sld_corona_M0": 0.0,
    "B_sld_corona_mtheta": 0.0,
    "B_sld_corona_mphi": 0.0
}