{
    "scale": 6.468100115389727e-07,
    "background": 0.0,
    "A_radius_effective": 50.97843855989923,
    "A_volfraction": 0.10650854536281917,
    "B_v_core": 8334.70003608095,
    "B_v_corona": 11937.84355179704,
    "B_sld_solvent": 6.352,
    "B_sld_core": 1.85,
    "B_sld_corona": 0.817,
    "B_radius_core": 77.91554334108598,
    "B_radius_core_pd": 0.49385127861464523,
    "B_radius_core_pd_n": 35.0,
    "B_radius_core_pd_nsigma": 3.0,
    "B_rg": 28.88431104763828,
    "B_rg_pd": 0.29999962311369444,
    "B_rg_pd_n": 35.0,
    "B_rg_pd_nsigma": 3.0,
    "B_d_penetration": 0.9431737875581909,
    "B_n_aggreg": 237.72285952490557,
    "up_frac_i": 0.0,
    "up_frac_f": 0.0,
    "up_angle": 0.0,
    "up_phi": 0.0,
    "B_sld_solvent_M0": 0.0,
    "B_sld_solvent_mtheta": 0.0,
    "B_sld_solvent_mphi": 0.0,
    "B_sld_core_M0": 0.0,
    "B_sld_core_mtheta": 0.0,
    "B_sld_core_mphi": 0.0,
    "B_sld_corona_M0": 0.0,
    "B_sld_corona_mtheta": 0.0,
    "B_sld_corona_mphi": 0.0
}