{
    "scale": 5.221418685172476e-07,
    "background": 0.0,
    "A_radius_effective": 64.5522062110559,
    "A_volfraction": 0.06233734253405691,
    "B_v_core": 22027.421523928228,
    "B_v_corona": 12506.312292358802,
    "B_sld_solvent": 6.355,
    "B_sld_core": 1.85,
    "B_sld_corona": 0.817,
    "B_radius_core": 151.86191389271147,
    "B_radius_core_pd": 0.11687089046949051,
    "B_radius_core_pd_n": 35.0,
    "B_radius_core_pd_nsigma": 3.0,
    "B_rg": 43.65841636625307,
    "B_rg_pd": 0.299455493483218,
    "B_rg_pd_n": 35.0,
    "B_rg_pd_nsigma": 3.0,
    "B_d_penetration": 0.7506669502042956,
    "B_n_aggreg": 665.9958966577618,
    "up_frac_i": 0.0,
    "up_frac_f": 0.0,
    "up_angle": 0.0,
    "up_phi": 0.0,
    "B_sld_solvent_M0": 0.0,
    "B_sld_solvent_mtheta": 0.0,
    "B_sld_solvent_mphi": 0.0,
    "B_sld_core_M0": 0.0,
    "B_sld_core_mtheta": 0.0,
    "B_sld_core_mphi": 0.0,
    "B_sld_corona_M0": 0.0,
    "B_sld_corona_mtheta": 0.0,
    "B_sld_corona_mphi": 0.0
}