{
    "scale": 1.5927696565155162e-06,
    "background": 0.0,
    "A_radius_effective": 49.660587595943525,
    "A_volfraction": 0.38289871617101817,
    "B_v_core": 6846.360743923638,
    "B_v_corona": 11369.374811235275,
    "B_sld_solvent": 5.664,
    "B_sld_core": 1.85,
    "B_sld_corona": 0.817,
    "B_radius_core": 68.46089086514102,
    "B_radius_core_pd": 0.4938819477183541,
    "B_radius_core_pd_n": 35.0,
    "B_radius_core_pd_nsigma": 3.0,
    "B_rg": 50.27814515136481,
    "B_rg_pd": 0.2999999992719758,
    "B_rg_pd_n": 35.0,
    "B_rg_pd_nsigma": 3.0,
    "B_d_penetration": 0.7500000984495354,
    "B_n_aggreg": 196.31634914158178,
    "up_frac_i": 0.0,
    "up_frac_f": 0.0,
    "up_angle": 0.0,
    "up_phi": 0.0,
    "B_sld_solvent_M0": 0.0,
    "B_sld_solvent_mtheta": 0.0,
    "B_sld_solvent_mphi": 0.0,
    "B_sld_core_M0": 0.0,
    "B_sld_core_mtheta": 0.0,
    "B_sld_core_mphi": 0.0,
    "B_sld_corona_M0": 0.0,
    "B_sld_corona_mtheta": 0.0,
    "B_sld_corona_mphi": 0.0
}