{
    "scale": 5.166354035814578e-07,
    "background": 0.0,
    "A_radius_effective": 67.80293018527797,
    "A_volfraction": 0.05714881569001875,
    "B_v_core": 13692.721487847277,
    "B_v_corona": 12222.07792207792,
    "B_sld_solvent": 6.352,
    "B_sld_core": 1.85,
    "B_sld_corona": 0.817,
    "B_radius_core": 106.81859364853864,
    "B_radius_core_pd": 0.49317199026421554,
    "B_radius_core_pd_n": 35.0,
    "B_radius_core_pd_nsigma": 3.0,
    "B_rg": 27.10233632530887,
    "B_rg_pd": 0.29990149434854757,
    "B_rg_pd_n": 35.0,
    "B_rg_pd_nsigma": 3.0,
    "B_d_penetration": 0.9999183096725621,
    "B_n_aggreg": 372.8545113443376,
    "up_frac_i": 0.0,
    "up_frac_f": 0.0,
    "up_angle": 0.0,
    "up_phi": 0.0,
    "B_sld_solvent_M0": 0.0,
    "B_sld_solvent_mtheta": 0.0,
    "B_sld_solvent_mphi": 0.0,
    "B_sld_core_M0": 0.0,
    "B_sld_core_mtheta": 0.0,
    "B_sld_core_mphi": 0.0,
    "B_sld_corona_M0": 0.0,
    "B_sld_corona_mtheta": 0.0,
    "B_sld_corona_mphi": 0.0
}