{
    "scale": 6.342247159731946e-07,
    "background": 0.0,
    "A_radius_effective": 24.350184391009808,
    "A_volfraction": 0.10723641473943467,
    "B_v_core": 22027.421523928228,
    "B_v_corona": 12506.312292358802,
    "B_sld_solvent": 5.664,
    "B_sld_core": 1.85,
    "B_sld_corona": 0.817,
    "B_radius_core": 98.71296564138457,
    "B_radius_core_pd": 0.4758748132756459,
    "B_radius_core_pd_n": 35.0,
    "B_radius_core_pd_nsigma": 3.0,
    "B_rg": 26.40303147604302,
    "B_rg_pd": 0.2999975354683156,
    "B_rg_pd_n": 35.0,
    "B_rg_pd_nsigma": 3.0,
    "B_d_penetration": 0.9999993483565867,
    "B_n_aggreg": 182.914252066508,
    "up_frac_i": 0.0,
    "up_frac_f": 0.0,
    "up_angle": 0.0,
    "up_phi": 0.0,
    "B_sld_solvent_M0": 0.0,
    "B_sld_solvent_mtheta": 0.0,
    "B_sld_solvent_mphi": 0.0,
    "B_sld_core_M0": 0.0,
    "B_sld_core_mtheta": 0.0,
    "B_sld_core_mphi": 0.0,
    "B_sld_corona_M0": 0.0,
    "B_sld_corona_mtheta": 0.0,
    "B_sld_corona_mphi": 0.0
}