{
    "scale": 3.418029513271038e-07,
    "background": 0.0,
    "A_radius_effective": 37.95858860983692,
    "A_volfraction": 3.2091039567725183e-10,
    "B_v_core": 13692.721487847277,
    "B_v_corona": 12222.07792207792,
    "B_sld_solvent": 6.355,
    "B_sld_core": 1.85,
    "B_sld_corona": 0.817,
    "B_radius_core": 122.98318998278495,
    "B_radius_core_pd": 0.19584669024980894,
    "B_radius_core_pd_n": 35.0,
    "B_radius_core_pd_nsigma": 3.0,
    "B_rg": 28.017392198614306,
    "B_rg_pd": 0.20261521500312135,
    "B_rg_pd_n": 35.0,
    "B_rg_pd_nsigma": 3.0,
    "B_d_penetration": 0.7500000014175948,
    "B_n_aggreg": 569.0312215874553,
    "up_frac_i": 0.0,
    "up_frac_f": 0.0,
    "up_angle": 0.0,
    "up_phi": 0.0,
    "B_sld_solvent_M0": 0.0,
    "B_sld_solvent_mtheta": 0.0,
    "B_sld_solvent_mphi": 0.0,
    "B_sld_core_M0": 0.0,
    "B_sld_core_mtheta": 0.0,
    "B_sld_core_mphi": 0.0,
    "B_sld_corona_M0": 0.0,
    "B_sld_corona_mtheta": 0.0,
    "B_sld_corona_mphi": 0.0
}