{
    "scale": 1.1205620504233368e-06,
    "background": 0.0,
    "A_radius_effective": 54.53881989406364,
    "A_volfraction": 0.19307029182225427,
    "B_v_core": 6846.360743923638,
    "B_v_corona": 11369.374811235275,
    "B_sld_solvent": 6.352,
    "B_sld_core": 1.85,
    "B_sld_corona": 0.817,
    "B_radius_core": 80.51980077831233,
    "B_radius_core_pd": 0.4945048757437626,
    "B_radius_core_pd_n": 35.0,
    "B_radius_core_pd_nsigma": 3.0,
    "B_rg": 39.38562383334507,
    "B_rg_pd": 0.29999944988695115,
    "B_rg_pd_n": 35.0,
    "B_rg_pd_nsigma": 3.0,
    "B_d_penetration": 0.8027120011806125,
    "B_n_aggreg": 319.40146619009505,
    "up_frac_i": 0.0,
    "up_frac_f": 0.0,
    "up_angle": 0.0,
    "up_phi": 0.0,
    "B_sld_solvent_M0": 0.0,
    "B_sld_solvent_mtheta": 0.0,
    "B_sld_solvent_mphi": 0.0,
    "B_sld_core_M0": 0.0,
    "B_sld_core_mtheta": 0.0,
    "B_sld_core_mphi": 0.0,
    "B_sld_corona_M0": 0.0,
    "B_sld_corona_mtheta": 0.0,
    "B_sld_corona_mphi": 0.0
}