{
    "scale": 7.242946892779248e-07,
    "background": 0.0,
    "A_radius_effective": 83.78496110436099,
    "A_volfraction": 0.19100694133361593,
    "B_v_core": 14883.392921573128,
    "B_v_corona": 36575.32993995549,
    "B_sld_solvent": 6.352,
    "B_sld_core": 1.85,
    "B_sld_corona": 0.817,
    "B_radius_core": 88.33563105371266,
    "B_radius_core_pd": 0.0848380348528741,
    "B_radius_core_pd_n": 35.0,
    "B_radius_core_pd_nsigma": 3.0,
    "B_rg": 46.343683191234845,
    "B_rg_pd": 0.23987199893001204,
    "B_rg_pd_n": 35.0,
    "B_rg_pd_nsigma": 3.0,
    "B_d_penetration": 0.9638631205870563,
    "B_n_aggreg": 193.99673008890147,
    "up_frac_i": 0.0,
    "up_frac_f": 0.0,
    "up_angle": 0.0,
    "up_phi": 0.0,
    "B_sld_solvent_M0": 0.0,
    "B_sld_solvent_mtheta": 0.0,
    "B_sld_solvent_mphi": 0.0,
    "B_sld_core_M0": 0.0,
    "B_sld_core_mtheta": 0.0,
    "B_sld_core_mphi": 0.0,
    "B_sld_corona_M0": 0.0,
    "B_sld_corona_mtheta": 0.0,
    "B_sld_corona_mphi": 0.0
}