{
    "scale": 1.1359584994172962e-06,
    "background": 0.0,
    "A_radius_effective": 99.99999983819977,
    "A_volfraction": 0.35124417646008155,
    "B_v_core": 9823.039328238265,
    "B_v_corona": 29260.263951964393,
    "B_sld_solvent": 5.664,
    "B_sld_core": 1.85,
    "B_sld_corona": 0.817,
    "B_radius_core": 89.04498030692767,
    "B_radius_core_pd": 0.2383207680422776,
    "B_radius_core_pd_n": 35.0,
    "B_radius_core_pd_nsigma": 3.0,
    "B_rg": 57.502212643645684,
    "B_rg_pd": 0.2839798215565414,
    "B_rg_pd_n": 35.0,
    "B_rg_pd_nsigma": 3.0,
    "B_d_penetration": 0.8830521635864986,
    "B_n_aggreg": 301.0724752277102,
    "up_frac_i": 0.0,
    "up_frac_f": 0.0,
    "up_angle": 0.0,
    "up_phi": 0.0,
    "B_sld_solvent_M0": 0.0,
    "B_sld_solvent_mtheta": 0.0,
    "B_sld_solvent_mphi": 0.0,
    "B_sld_core_M0": 0.0,
    "B_sld_core_mtheta": 0.0,
    "B_sld_core_mphi": 0.0,
    "B_sld_corona_M0": 0.0,
    "B_sld_corona_mtheta": 0.0,
    "B_sld_corona_mphi": 0.0
}