{
    "scale": 7.957798664195084e-07,
    "background": 0.0,
    "A_radius_effective": 83.726791707363,
    "A_volfraction": 0.20366963180270004,
    "B_v_core": 10046.290222061862,
    "B_v_corona": 30174.64720046328,
    "B_sld_solvent": 6.355,
    "B_sld_core": 1.85,
    "B_sld_corona": 0.817,
    "B_radius_core": 80.37939826290581,
    "B_radius_core_pd": 0.1758102320382313,
    "B_radius_core_pd_n": 35.0,
    "B_radius_core_pd_nsigma": 3.0,
    "B_rg": 51.25278641688063,
    "B_rg_pd": 0.24121198408210845,
    "B_rg_pd_n": 35.0,
    "B_rg_pd_nsigma": 3.0,
    "B_d_penetration": 0.8559678660909804,
    "B_n_aggreg": 216.52953394927954,
    "up_frac_i": 0.0,
    "up_frac_f": 0.0,
    "up_angle": 0.0,
    "up_phi": 0.0,
    "B_sld_solvent_M0": 0.0,
    "B_sld_solvent_mtheta": 0.0,
    "B_sld_solvent_mphi": 0.0,
    "B_sld_core_M0": 0.0,
    "B_sld_core_mtheta": 0.0,
    "B_sld_core_mphi": 0.0,
    "B_sld_corona_M0": 0.0,
    "B_sld_corona_mtheta": 0.0,
    "B_sld_corona_mphi": 0.0
}