{
    "scale": 4.783353474235417e-07,
    "background": 0.0,
    "A_radius_effective": 99.99999999401292,
    "A_volfraction": 0.07287337858646432,
    "B_v_core": 16967.067930593366,
    "B_v_corona": 41695.87613154926,
    "B_sld_solvent": 6.357,
    "B_sld_core": 1.85,
    "B_sld_corona": 0.817,
    "B_radius_core": 67.55798179764507,
    "B_radius_core_pd": 0.1039934842238312,
    "B_radius_core_pd_n": 35.0,
    "B_radius_core_pd_nsigma": 3.0,
    "B_rg": 48.013278092452055,
    "B_rg_pd": 0.1624061916888741,
    "B_rg_pd_n": 35.0,
    "B_rg_pd_nsigma": 3.0,
    "B_d_penetration": 0.7759362332328197,
    "B_n_aggreg": 76.12228427425892,
    "up_frac_i": 0.0,
    "up_frac_f": 0.0,
    "up_angle": 0.0,
    "up_phi": 0.0,
    "B_sld_solvent_M0": 0.0,
    "B_sld_solvent_mtheta": 0.0,
    "B_sld_solvent_mphi": 0.0,
    "B_sld_core_M0": 0.0,
    "B_sld_core_mtheta": 0.0,
    "B_sld_core_mphi": 0.0,
    "B_sld_corona_M0": 0.0,
    "B_sld_corona_mtheta": 0.0,
    "B_sld_corona_mphi": 0.0
}