{
    "scale": 4.9217434113841725e-06,
    "background": 0.0,
    "A_radius_effective": 49.00305066556526,
    "A_volfraction": 0.47162653116993364,
    "B_v_core": 14883.392921573128,
    "B_v_corona": 36575.32993995549,
    "B_sld_solvent": 3.156,
    "B_sld_core": 1.85,
    "B_sld_corona": 0.817,
    "B_radius_core": 63.21023783744712,
    "B_radius_core_pd": 0.47386391409005835,
    "B_radius_core_pd_n": 35.0,
    "B_radius_core_pd_nsigma": 3.0,
    "B_rg": 199.99988756113524,
    "B_rg_pd": 0.2348718843293507,
    "B_rg_pd_n": 35.0,
    "B_rg_pd_nsigma": 3.0,
    "B_d_penetration": 0.9999994399979171,
    "B_n_aggreg": 71.08024814744005,
    "up_frac_i": 0.0,
    "up_frac_f": 0.0,
    "up_angle": 0.0,
    "up_phi": 0.0,
    "B_sld_solvent_M0": 0.0,
    "B_sld_solvent_mtheta": 0.0,
    "B_sld_solvent_mphi": 0.0,
    "B_sld_core_M0": 0.0,
    "B_sld_core_mtheta": 0.0,
    "B_sld_core_mphi": 0.0,
    "B_sld_corona_M0": 0.0,
    "B_sld_corona_mtheta": 0.0,
    "B_sld_corona_mphi": 0.0
}