{
    "scale": 2.431427475049822e-06,
    "background": 0.0,
    "A_radius_effective": 29.628614331405846,
    "A_volfraction": 0.27790594157104115,
    "B_v_core": 16967.067930593366,
    "B_v_corona": 41695.87613154926,
    "B_sld_solvent": 6.355,
    "B_sld_core": 1.85,
    "B_sld_corona": 0.817,
    "B_radius_core": 113.36759893917342,
    "B_radius_core_pd": 0.48820904974838847,
    "B_radius_core_pd_n": 35.0,
    "B_radius_core_pd_nsigma": 3.0,
    "B_rg": 199.99999824154182,
    "B_rg_pd": 0.2999999924652515,
    "B_rg_pd_n": 35.0,
    "B_rg_pd_nsigma": 3.0,
    "B_d_penetration": 0.999999997003992,
    "B_n_aggreg": 359.70680715484724,
    "up_frac_i": 0.0,
    "up_frac_f": 0.0,
    "up_angle": 0.0,
    "up_phi": 0.0,
    "B_sld_solvent_M0": 0.0,
    "B_sld_solvent_mtheta": 0.0,
    "B_sld_solvent_mphi": 0.0,
    "B_sld_core_M0": 0.0,
    "B_sld_core_mtheta": 0.0,
    "B_sld_core_mphi": 0.0,
    "B_sld_corona_M0": 0.0,
    "B_sld_corona_mtheta": 0.0,
    "B_sld_corona_mphi": 0.0
}