{
    "scale": 7.096936546796235e-06,
    "background": 0.0,
    "A_radius_effective": 58.763859338136065,
    "A_volfraction": 0.5616370080923148,
    "B_v_core": 9823.039328238265,
    "B_v_corona": 29260.263951964393,
    "B_sld_solvent": 6.349,
    "B_sld_core": 1.85,
    "B_sld_corona": 0.817,
    "B_radius_core": 71.52122064228992,
    "B_radius_core_pd": 0.26750036398136445,
    "B_radius_core_pd_n": 35.0,
    "B_radius_core_pd_nsigma": 3.0,
    "B_rg": 199.99999282478532,
    "B_rg_pd": 0.29999885952864924,
    "B_rg_pd_n": 35.0,
    "B_rg_pd_nsigma": 3.0,
    "B_d_penetration": 0.9999999907108184,
    "B_n_aggreg": 156.00821943421275,
    "up_frac_i": 0.0,
    "up_frac_f": 0.0,
    "up_angle": 0.0,
    "up_phi": 0.0,
    "B_sld_solvent_M0": 0.0,
    "B_sld_solvent_mtheta": 0.0,
    "B_sld_solvent_mphi": 0.0,
    "B_sld_core_M0": 0.0,
    "B_sld_core_mtheta": 0.0,
    "B_sld_core_mphi": 0.0,
    "B_sld_corona_M0": 0.0,
    "B_sld_corona_mtheta": 0.0,
    "B_sld_corona_mphi": 0.0
}