{
    "scale": 7.020514709772494e-06,
    "background": 0.0,
    "A_radius_effective": 58.700015633647176,
    "A_volfraction": 0.5601315872175692,
    "B_v_core": 10046.290222061862,
    "B_v_corona": 30174.64720046328,
    "B_sld_solvent": 6.349,
    "B_sld_core": 1.85,
    "B_sld_corona": 0.817,
    "B_radius_core": 71.50006682189516,
    "B_radius_core_pd": 0.30198072232665496,
    "B_radius_core_pd_n": 35.0,
    "B_radius_core_pd_nsigma": 3.0,
    "B_rg": 199.99999937157085,
    "B_rg_pd": 0.2994991995509558,
    "B_rg_pd_n": 35.0,
    "B_rg_pd_nsigma": 3.0,
    "B_d_penetration": 0.9999999913065395,
    "B_n_aggreg": 152.40605872986094,
    "up_frac_i": 0.0,
    "up_frac_f": 0.0,
    "up_angle": 0.0,
    "up_phi": 0.0,
    "B_sld_solvent_M0": 0.0,
    "B_sld_solvent_mtheta": 0.0,
    "B_sld_solvent_mphi": 0.0,
    "B_sld_core_M0": 0.0,
    "B_sld_core_mtheta": 0.0,
    "B_sld_core_mphi": 0.0,
    "B_sld_corona_M0": 0.0,
    "B_sld_corona_mtheta": 0.0,
    "B_sld_corona_mphi": 0.0
}