{
    "scale": 4.800405370642104e-07,
    "background": 0.0,
    "A_radius_effective": 99.99999990799607,
    "A_volfraction": 0.06864940891733506,
    "B_v_core": 14883.392921573128,
    "B_v_corona": 36575.32993995549,
    "B_sld_solvent": 6.357,
    "B_sld_core": 1.85,
    "B_sld_corona": 0.817,
    "B_radius_core": 66.52920798991745,
    "B_radius_core_pd": 0.21668682873620182,
    "B_radius_core_pd_n": 35.0,
    "B_radius_core_pd_nsigma": 3.0,
    "B_rg": 45.7675283828294,
    "B_rg_pd": 0.18622972371836075,
    "B_rg_pd_n": 35.0,
    "B_rg_pd_nsigma": 3.0,
    "B_d_penetration": 0.8259128666332668,
    "B_n_aggreg": 82.87503446437053,
    "up_frac_i": 0.0,
    "up_frac_f": 0.0,
    "up_angle": 0.0,
    "up_phi": 0.0,
    "B_sld_solvent_M0": 0.0,
    "B_sld_solvent_mtheta": 0.0,
    "B_sld_solvent_mphi": 0.0,
    "B_sld_core_M0": 0.0,
    "B_sld_core_mtheta": 0.0,
    "B_sld_core_mphi": 0.0,
    "B_sld_corona_M0": 0.0,
    "B_sld_corona_mtheta": 0.0,
    "B_sld_corona_mphi": 0.0
}