{
    "scale": 1.3007885414536892e-07,
    "background": 0.0,
    "A_radius_effective": 23.959841790902388,
    "A_volfraction": 0.10242496801113563,
    "B_v_core": 9823.039328238265,
    "B_v_corona": 29260.263951964393,
    "B_sld_solvent": 6.355,
    "B_sld_core": 1.85,
    "B_sld_corona": 0.817,
    "B_radius_core": 62.934809136712,
    "B_radius_core_pd": 0.48674696589729594,
    "B_radius_core_pd_n": 35.0,
    "B_radius_core_pd_nsigma": 3.0,
    "B_rg": 51.45915126751434,
    "B_rg_pd": 0.2999994371339527,
    "B_rg_pd_n": 35.0,
    "B_rg_pd_nsigma": 3.0,
    "B_d_penetration": 0.9999982946688367,
    "B_n_aggreg": 106.29564824137961,
    "up_frac_i": 0.0,
    "up_frac_f": 0.0,
    "up_angle": 0.0,
    "up_phi": 0.0,
    "B_sld_solvent_M0": 0.0,
    "B_sld_solvent_mtheta": 0.0,
    "B_sld_solvent_mphi": 0.0,
    "B_sld_core_M0": 0.0,
    "B_sld_core_mtheta": 0.0,
    "B_sld_core_mphi": 0.0,
    "B_sld_corona_M0": 0.0,
    "B_sld_corona_mtheta": 0.0,
    "B_sld_corona_mphi": 0.0
}