{
    "scale": 7.923123228560904e-07,
    "background": 0.0,
    "A_radius_effective": 99.34711487950541,
    "A_volfraction": 0.3211631933957372,
    "B_v_core": 16967.067930593366,
    "B_v_corona": 41695.87613154926,
    "B_sld_solvent": 5.664,
    "B_sld_core": 1.85,
    "B_sld_corona": 0.817,
    "B_radius_core": 88.05538413048254,
    "B_radius_core_pd": 0.19989669657160272,
    "B_radius_core_pd_n": 35.0,
    "B_radius_core_pd_nsigma": 3.0,
    "B_rg": 53.356333294781386,
    "B_rg_pd": 0.29999391458890634,
    "B_rg_pd_n": 35.0,
    "B_rg_pd_nsigma": 3.0,
    "B_d_penetration": 0.9811266269050862,
    "B_n_aggreg": 168.55807336543586,
    "up_frac_i": 0.0,
    "up_frac_f": 0.0,
    "up_angle": 0.0,
    "up_phi": 0.0,
    "B_sld_solvent_M0": 0.0,
    "B_sld_solvent_mtheta": 0.0,
    "B_sld_solvent_mphi": 0.0,
    "B_sld_core_M0": 0.0,
    "B_sld_core_mtheta": 0.0,
    "B_sld_core_mphi": 0.0,
    "B_sld_corona_M0": 0.0,
    "B_sld_corona_mtheta": 0.0,
    "B_sld_corona_mphi": 0.0
}