{
    "scale": 1.2537979297381631e-06,
    "background": 0.0,
    "A_radius_effective": 56.578364091458454,
    "A_volfraction": 0.2636913568742979,
    "B_v_core": 10046.290222061862,
    "B_v_corona": 30174.64720046328,
    "B_sld_solvent": 3.156,
    "B_sld_core": 1.85,
    "B_sld_corona": 0.817,
    "B_radius_core": 28.388803914104173,
    "B_radius_core_pd": 0.4879369228388804,
    "B_radius_core_pd_n": 35.0,
    "B_radius_core_pd_nsigma": 3.0,
    "B_rg": 65.01725530577382,
    "B_rg_pd": 0.29999865881222115,
    "B_rg_pd_n": 35.0,
    "B_rg_pd_nsigma": 3.0,
    "B_d_penetration": 0.7500153219874676,
    "B_n_aggreg": 9.539468415666876,
    "up_frac_i": 0.0,
    "up_frac_f": 0.0,
    "up_angle": 0.0,
    "up_phi": 0.0,
    "B_sld_solvent_M0": 0.0,
    "B_sld_solvent_mtheta": 0.0,
    "B_sld_solvent_mphi": 0.0,
    "B_sld_core_M0": 0.0,
    "B_sld_core_mtheta": 0.0,
    "B_sld_core_mphi": 0.0,
    "B_sld_corona_M0": 0.0,
    "B_sld_corona_mtheta": 0.0,
    "B_sld_corona_mphi": 0.0
}