{
    "scale": 6.27469968810133e-07,
    "background": 0.0,
    "A_radius_effective": 42.98036882079544,
    "A_volfraction": 0.14490456354714168,
    "B_v_core": 14883.392921573128,
    "B_v_corona": 36575.32993995549,
    "B_sld_solvent": 6.349,
    "B_sld_core": 1.85,
    "B_sld_corona": 0.817,
    "B_radius_core": 25.3068150540163,
    "B_radius_core_pd": 0.14537480398260116,
    "B_radius_core_pd_n": 35.0,
    "B_radius_core_pd_nsigma": 3.0,
    "B_rg": 45.40456355158888,
    "B_rg_pd": 0.2999989836872985,
    "B_rg_pd_n": 35.0,
    "B_rg_pd_nsigma": 3.0,
    "B_d_penetration": 0.750000447103142,
    "B_n_aggreg": 4.561410265831844,
    "up_frac_i": 0.0,
    "up_frac_f": 0.0,
    "up_angle": 0.0,
    "up_phi": 0.0,
    "B_sld_solvent_M0": 0.0,
    "B_sld_solvent_mtheta": 0.0,
    "B_sld_solvent_mphi": 0.0,
    "B_sld_core_M0": 0.0,
    "B_sld_core_mtheta": 0.0,
    "B_sld_core_mphi": 0.0,
    "B_sld_corona_M0": 0.0,
    "B_sld_corona_mtheta": 0.0,
    "B_sld_corona_mphi": 0.0
}