{
    "scale": 7.122672157919472e-07,
    "background": 0.0,
    "A_radius_effective": 87.75816044009268,
    "A_volfraction": 0.19650103162648594,
    "B_v_core": 16967.067930593366,
    "B_v_corona": 41695.87613154926,
    "B_sld_solvent": 6.352,
    "B_sld_core": 1.85,
    "B_sld_corona": 0.817,
    "B_radius_core": 90.24193427247633,
    "B_radius_core_pd": 0.13339223372675343,
    "B_radius_core_pd_n": 35.0,
    "B_radius_core_pd_nsigma": 3.0,
    "B_rg": 48.37632185616909,
    "B_rg_pd": 0.22775595388773628,
    "B_rg_pd_n": 35.0,
    "B_rg_pd_nsigma": 3.0,
    "B_d_penetration": 0.922427386379344,
    "B_n_aggreg": 181.42912134140903,
    "up_frac_i": 0.0,
    "up_frac_f": 0.0,
    "up_angle": 0.0,
    "up_phi": 0.0,
    "B_sld_solvent_M0": 0.0,
    "B_sld_solvent_mtheta": 0.0,
    "B_sld_solvent_mphi": 0.0,
    "B_sld_core_M0": 0.0,
    "B_sld_core_mtheta": 0.0,
    "B_sld_core_mphi": 0.0,
    "B_sld_corona_M0": 0.0,
    "B_sld_corona_mtheta": 0.0,
    "B_sld_corona_mphi": 0.0
}