{
    "scale": 5.416177749986939e-07,
    "background": 0.0,
    "A_radius_effective": 99.99999864396045,
    "A_volfraction": 0.05086402142748968,
    "B_v_core": 9823.039328238265,
    "B_v_corona": 29260.263951964393,
    "B_sld_solvent": 6.357,
    "B_sld_core": 1.85,
    "B_sld_corona": 0.817,
    "B_radius_core": 62.526115049404986,
    "B_radius_core_pd": 0.14017447256811935,
    "B_radius_core_pd_n": 35.0,
    "B_radius_core_pd_nsigma": 3.0,
    "B_rg": 43.38947181451017,
    "B_rg_pd": 0.2536417189659973,
    "B_rg_pd_n": 35.0,
    "B_rg_pd_nsigma": 3.0,
    "B_d_penetration": 0.9681188792388186,
    "B_n_aggreg": 104.23823824564764,
    "up_frac_i": 0.0,
    "up_frac_f": 0.0,
    "up_angle": 0.0,
    "up_phi": 0.0,
    "B_sld_solvent_M0": 0.0,
    "B_sld_solvent_mtheta": 0.0,
    "B_sld_solvent_mphi": 0.0,
    "B_sld_core_M0": 0.0,
    "B_sld_core_mtheta": 0.0,
    "B_sld_core_mphi": 0.0,
    "B_sld_corona_M0": 0.0,
    "B_sld_corona_mtheta": 0.0,
    "B_sld_corona_mphi": 0.0
}