{
    "scale": 6.798469116418704e-06,
    "background": 0.0,
    "A_radius_effective": 76.70401079073721,
    "A_volfraction": 0.6264420314860334,
    "B_v_core": 16967.067930593366,
    "B_v_corona": 41695.87613154926,
    "B_sld_solvent": 6.349,
    "B_sld_core": 1.85,
    "B_sld_corona": 0.817,
    "B_radius_core": 89.80258822299628,
    "B_radius_core_pd": 0.35388473961675376,
    "B_radius_core_pd_n": 35.0,
    "B_radius_core_pd_nsigma": 3.0,
    "B_rg": 199.99999983476837,
    "B_rg_pd": 9.008621903842886e-06,
    "B_rg_pd_n": 35.0,
    "B_rg_pd_nsigma": 3.0,
    "B_d_penetration": 0.7662548684214799,
    "B_n_aggreg": 178.7921191637492,
    "up_frac_i": 0.0,
    "up_frac_f": 0.0,
    "up_angle": 0.0,
    "up_phi": 0.0,
    "B_sld_solvent_M0": 0.0,
    "B_sld_solvent_mtheta": 0.0,
    "B_sld_solvent_mphi": 0.0,
    "B_sld_core_M0": 0.0,
    "B_sld_core_mtheta": 0.0,
    "B_sld_core_mphi": 0.0,
    "B_sld_corona_M0": 0.0,
    "B_sld_corona_mtheta": 0.0,
    "B_sld_corona_mphi": 0.0
}