{
    "scale": 6.192179200021688e-06,
    "background": 0.0,
    "A_radius_effective": 78.11262651462415,
    "A_volfraction": 0.6032956320318331,
    "B_v_core": 16967.067930593366,
    "B_v_corona": 41695.87613154926,
    "B_sld_solvent": 3.156,
    "B_sld_core": 1.85,
    "B_sld_corona": 0.817,
    "B_radius_core": 91.52715991577266,
    "B_radius_core_pd": 0.47645335768186386,
    "B_radius_core_pd_n": 35.0,
    "B_radius_core_pd_nsigma": 3.0,
    "B_rg": 199.99999999554507,
    "B_rg_pd": 0.007490860328836621,
    "B_rg_pd_n": 35.0,
    "B_rg_pd_nsigma": 3.0,
    "B_d_penetration": 0.8049530491189569,
    "B_n_aggreg": 189.29178647246448,
    "up_frac_i": 0.0,
    "up_frac_f": 0.0,
    "up_angle": 0.0,
    "up_phi": 0.0,
    "B_sld_solvent_M0": 0.0,
    "B_sld_solvent_mtheta": 0.0,
    "B_sld_solvent_mphi": 0.0,
    "B_sld_core_M0": 0.0,
    "B_sld_core_mtheta": 0.0,
    "B_sld_core_mphi": 0.0,
    "B_sld_corona_M0": 0.0,
    "B_sld_corona_mtheta": 0.0,
    "B_sld_corona_mphi": 0.0
}