{
    "scale": 2.534930435531771e-06,
    "background": 0.0,
    "A_radius_effective": 29.71559923396823,
    "A_volfraction": 0.2829056315532181,
    "B_v_core": 14883.392921573128,
    "B_v_corona": 36575.32993995549,
    "B_sld_solvent": 6.355,
    "B_sld_core": 1.85,
    "B_sld_corona": 0.817,
    "B_radius_core": 113.35142202645913,
    "B_radius_core_pd": 0.4913328743562968,
    "B_radius_core_pd_n": 35.0,
    "B_radius_core_pd_nsigma": 3.0,
    "B_rg": 199.99999999668853,
    "B_rg_pd": 0.2999999974110406,
    "B_rg_pd_n": 35.0,
    "B_rg_pd_nsigma": 3.0,
    "B_d_penetration": 0.9999999981892389,
    "B_n_aggreg": 409.8902430368334,
    "up_frac_i": 0.0,
    "up_frac_f": 0.0,
    "up_angle": 0.0,
    "up_phi": 0.0,
    "B_sld_solvent_M0": 0.0,
    "B_sld_solvent_mtheta": 0.0,
    "B_sld_solvent_mphi": 0.0,
    "B_sld_core_M0": 0.0,
    "B_sld_core_mtheta": 0.0,
    "B_sld_core_mphi": 0.0,
    "B_sld_corona_M0": 0.0,
    "B_sld_corona_mtheta": 0.0,
    "B_sld_corona_mphi": 0.0
}