{
    "scale": 5.41086747781409e-07,
    "background": 0.0,
    "A_radius_effective": 99.99999785520569,
    "A_volfraction": 0.05168101240914395,
    "B_v_core": 10046.290222061862,
    "B_v_corona": 30174.64720046328,
    "B_sld_solvent": 6.357,
    "B_sld_core": 1.85,
    "B_sld_corona": 0.817,
    "B_radius_core": 62.58975799995322,
    "B_radius_core_pd": 0.30745580426047525,
    "B_radius_core_pd_n": 35.0,
    "B_radius_core_pd_nsigma": 3.0,
    "B_rg": 43.91990724746717,
    "B_rg_pd": 0.2502924335040706,
    "B_rg_pd_n": 35.0,
    "B_rg_pd_nsigma": 3.0,
    "B_d_penetration": 0.9534762703714719,
    "B_n_aggreg": 102.23337689795115,
    "up_frac_i": 0.0,
    "up_frac_f": 0.0,
    "up_angle": 0.0,
    "up_phi": 0.0,
    "B_sld_solvent_M0": 0.0,
    "B_sld_solvent_mtheta": 0.0,
    "B_sld_solvent_mphi": 0.0,
    "B_sld_core_M0": 0.0,
    "B_sld_core_mtheta": 0.0,
    "B_sld_core_mphi": 0.0,
    "B_sld_corona_M0": 0.0,
    "B_sld_corona_mtheta": 0.0,
    "B_sld_corona_mphi": 0.0
}