{
    "scale": 1.2589856618847773e-06,
    "background": 0.0,
    "A_radius_effective": 56.22711161171114,
    "A_volfraction": 0.2642984490571764,
    "B_v_core": 9823.039328238265,
    "B_v_corona": 29260.263951964393,
    "B_sld_solvent": 3.156,
    "B_sld_core": 1.85,
    "B_sld_corona": 0.817,
    "B_radius_core": 28.412689473484008,
    "B_radius_core_pd": 0.4880715626545376,
    "B_radius_core_pd_n": 35.0,
    "B_radius_core_pd_nsigma": 3.0,
    "B_rg": 64.18377702849894,
    "B_rg_pd": 0.2999998987729784,
    "B_rg_pd_n": 35.0,
    "B_rg_pd_nsigma": 3.0,
    "B_d_penetration": 0.7500005965524601,
    "B_n_aggreg": 9.780921225173326,
    "up_frac_i": 0.0,
    "up_frac_f": 0.0,
    "up_angle": 0.0,
    "up_phi": 0.0,
    "B_sld_solvent_M0": 0.0,
    "B_sld_solvent_mtheta": 0.0,
    "B_sld_solvent_mphi": 0.0,
    "B_sld_core_M0": 0.0,
    "B_sld_core_mtheta": 0.0,
    "B_sld_core_mphi": 0.0,
    "B_sld_corona_M0": 0.0,
    "B_sld_corona_mtheta": 0.0,
    "B_sld_corona_mphi": 0.0
}