{
    "scale": 3.154459487584866e-07,
    "background": 0.0,
    "v_core": 14883.392921573128,
    "v_corona": 36575.32993995549,
    "sld_solvent": 3.156,
    "sld_core": 1.85,
    "sld_corona": 0.817,
    "radius_core": 19.130060469262414,
    "radius_core_pd": 0.18857778531369446,
    "radius_core_pd_n": 35.0,
    "radius_core_pd_nsigma": 3.0,
    "rg": 28.249299138833166,
    "rg_pd": 9.74776429013984e-09,
    "rg_pd_n": 35.0,
    "rg_pd_nsigma": 3.0,
    "d_penetration": 0.7500000000004309,
    "n_aggreg": 1.970315121717565,
    "up_frac_i": 0.0,
    "up_frac_f": 0.0,
    "up_angle": 0.0,
    "up_phi": 0.0,
    "sld_solvent_M0": 0.0,
    "sld_solvent_mtheta": 0.0,
    "sld_solvent_mphi": 0.0,
    "sld_core_M0": 0.0,
    "sld_core_mtheta": 0.0,
    "sld_core_mphi": 0.0,
    "sld_corona_M0": 0.0,
    "sld_corona_mtheta": 0.0,
    "sld_corona_mphi": 0.0
}