{
    "scale": 2.5693143599182786e-07,
    "background": 0.0,
    "v_core": 14883.392921573128,
    "v_corona": 36575.32993995549,
    "sld_solvent": 6.355,
    "sld_core": 1.85,
    "sld_corona": 0.817,
    "radius_core": 58.6179605521686,
    "radius_core_pd": 0.4573049162574409,
    "radius_core_pd_n": 35.0,
    "radius_core_pd_nsigma": 3.0,
    "rg": 45.73182593434375,
    "rg_pd": 4.3920982918203965e-08,
    "rg_pd_n": 35.0,
    "rg_pd_nsigma": 3.0,
    "d_penetration": 0.9999999999999979,
    "n_aggreg": 56.68638667811963,
    "up_frac_i": 0.0,
    "up_frac_f": 0.0,
    "up_angle": 0.0,
    "up_phi": 0.0,
    "sld_solvent_M0": 0.0,
    "sld_solvent_mtheta": 0.0,
    "sld_solvent_mphi": 0.0,
    "sld_core_M0": 0.0,
    "sld_core_mtheta": 0.0,
    "sld_core_mphi": 0.0,
    "sld_corona_M0": 0.0,
    "sld_corona_mtheta": 0.0,
    "sld_corona_mphi": 0.0
}