{
    "scale": 7.340141636463804e-07,
    "background": 0.0,
    "A_radius_effective": 11.096243654443048,
    "A_volfraction": 0.14645741084578964,
    "B_v_core": 13692.721487847277,
    "B_v_corona": 12222.07792207792,
    "B_sld_solvent": 6.352,
    "B_sld_core": 1.85,
    "B_sld_corona": 0.817,
    "B_radius_core": 112.9351081975013,
    "B_radius_core_pd": 0.37241457125721666,
    "B_radius_core_pd_n": 35.0,
    "B_radius_core_pd_nsigma": 3.0,
    "B_length_core": 100.0,
    "B_length_core_pd": 0.0,
    "B_length_core_pd_n": 35.0,
    "B_length_core_pd_nsigma": 3.0,
    "B_rg": 29.699328116845955,
    "B_rg_pd": 2.7105595833155806e-05,
    "B_rg_pd_n": 35.0,
    "B_rg_pd_nsigma": 3.0,
    "B_d_penetration": 0.9999999998041312,
    "B_n_aggreg": 292.6294577923446,
    "up_frac_i": 0.0,
    "up_frac_f": 0.0,
    "up_angle": 0.0,
    "up_phi": 0.0,
    "B_sld_solvent_M0": 0.0,
    "B_sld_solvent_mtheta": 0.0,
    "B_sld_solvent_mphi": 0.0,
    "B_sld_core_M0": 0.0,
    "B_sld_core_mtheta": 0.0,
    "B_sld_core_mphi": 0.0,
    "B_sld_corona_M0": 0.0,
    "B_sld_corona_mtheta": 0.0,
    "B_sld_corona_mphi": 0.0
}