{
    "scale": 1.1855833803272046e-06,
    "background": 0.0,
    "A_radius_effective": 44.67617162878175,
    "A_volfraction": 0.3677075369241494,
    "B_v_core": 6846.360743923638,
    "B_v_corona": 11369.374811235275,
    "B_sld_solvent": 5.664,
    "B_sld_core": 1.85,
    "B_sld_corona": 0.817,
    "B_radius_core": 111.31727665441707,
    "B_radius_core_pd": 0.47588597363222696,
    "B_radius_core_pd_n": 35.0,
    "B_radius_core_pd_nsigma": 3.0,
    "B_length_core": 100.0,
    "B_length_core_pd": 0.0,
    "B_length_core_pd_n": 35.0,
    "B_length_core_pd_nsigma": 3.0,
    "B_rg": 199.99999333557494,
    "B_rg_pd": 0.29999999902377383,
    "B_rg_pd_n": 35.0,
    "B_rg_pd_nsigma": 3.0,
    "B_d_penetration": 0.9999999979814439,
    "B_n_aggreg": 568.610977090105,
    "up_frac_i": 0.0,
    "up_frac_f": 0.0,
    "up_angle": 0.0,
    "up_phi": 0.0,
    "B_sld_solvent_M0": 0.0,
    "B_sld_solvent_mtheta": 0.0,
    "B_sld_solvent_mphi": 0.0,
    "B_sld_core_M0": 0.0,
    "B_sld_core_mtheta": 0.0,
    "B_sld_core_mphi": 0.0,
    "B_sld_corona_M0": 0.0,
    "B_sld_corona_mtheta": 0.0,
    "B_sld_corona_mphi": 0.0
}