{
    "scale": 5.395567717513875e-07,
    "background": 0.0,
    "A_radius_effective": 40.75898733491921,
    "A_volfraction": 0.1620306548360415,
    "B_v_core": 6846.360743923638,
    "B_v_corona": 11369.374811235275,
    "B_sld_solvent": 6.352,
    "B_sld_core": 1.85,
    "B_sld_corona": 0.817,
    "B_radius_core": 73.93750035921363,
    "B_radius_core_pd": 0.13688548880119383,
    "B_radius_core_pd_n": 35.0,
    "B_radius_core_pd_nsigma": 3.0,
    "B_length_core": 100.0,
    "B_length_core_pd": 0.0,
    "B_length_core_pd_n": 35.0,
    "B_length_core_pd_nsigma": 3.0,
    "B_rg": 27.233473602607535,
    "B_rg_pd": 0.28909224707185194,
    "B_rg_pd_n": 35.0,
    "B_rg_pd_nsigma": 3.0,
    "B_d_penetration": 0.9999999979421063,
    "B_n_aggreg": 250.85318638779617,
    "up_frac_i": 0.0,
    "up_frac_f": 0.0,
    "up_angle": 0.0,
    "up_phi": 0.0,
    "B_sld_solvent_M0": 0.0,
    "B_sld_solvent_mtheta": 0.0,
    "B_sld_solvent_mphi": 0.0,
    "B_sld_core_M0": 0.0,
    "B_sld_core_mtheta": 0.0,
    "B_sld_core_mphi": 0.0,
    "B_sld_corona_M0": 0.0,
    "B_sld_corona_mtheta": 0.0,
    "B_sld_corona_mphi": 0.0
}