{
    "scale": 4.685034150410481e-07,
    "background": 0.0,
    "A_radius_effective": 18.300495903416643,
    "A_volfraction": 0.14384945481952532,
    "B_v_core": 22027.421523928228,
    "B_v_corona": 12506.312292358802,
    "B_sld_solvent": 5.664,
    "B_sld_core": 1.85,
    "B_sld_corona": 0.817,
    "B_radius_core": 109.02330388520068,
    "B_radius_core_pd": 0.481819664843807,
    "B_radius_core_pd_n": 35.0,
    "B_radius_core_pd_nsigma": 3.0,
    "B_length_core": 100.0,
    "B_length_core_pd": 0.0,
    "B_length_core_pd_n": 35.0,
    "B_length_core_pd_nsigma": 3.0,
    "B_rg": 23.128775481377055,
    "B_rg_pd": 0.0005094325149564197,
    "B_rg_pd_n": 35.0,
    "B_rg_pd_nsigma": 3.0,
    "B_d_penetration": 0.9999999937772639,
    "B_n_aggreg": 169.5215395474956,
    "up_frac_i": 0.0,
    "up_frac_f": 0.0,
    "up_angle": 0.0,
    "up_phi": 0.0,
    "B_sld_solvent_M0": 0.0,
    "B_sld_solvent_mtheta": 0.0,
    "B_sld_solvent_mphi": 0.0,
    "B_sld_core_M0": 0.0,
    "B_sld_core_mtheta": 0.0,
    "B_sld_core_mphi": 0.0,
    "B_sld_corona_M0": 0.0,
    "B_sld_corona_mtheta": 0.0,
    "B_sld_corona_mphi": 0.0
}