{
    "scale": 4.064788595418197e-07,
    "background": 0.0,
    "A_radius_effective": 32.73966005650098,
    "A_volfraction": 0.1159421528245492,
    "B_v_core": 8334.70003608095,
    "B_v_corona": 11937.84355179704,
    "B_sld_solvent": 6.352,
    "B_sld_core": 1.85,
    "B_sld_corona": 0.817,
    "B_radius_core": 73.24914827153971,
    "B_radius_core_pd": 0.3008169577854072,
    "B_radius_core_pd_n": 35.0,
    "B_radius_core_pd_nsigma": 3.0,
    "B_length_core": 100.0,
    "B_length_core_pd": 0.0,
    "B_length_core_pd_n": 35.0,
    "B_length_core_pd_nsigma": 3.0,
    "B_rg": 22.24406886599457,
    "B_rg_pd": 0.21882423817103636,
    "B_rg_pd_n": 35.0,
    "B_rg_pd_nsigma": 3.0,
    "B_d_penetration": 0.999999996681863,
    "B_n_aggreg": 202.2390687049162,
    "up_frac_i": 0.0,
    "up_frac_f": 0.0,
    "up_angle": 0.0,
    "up_phi": 0.0,
    "B_sld_solvent_M0": 0.0,
    "B_sld_solvent_mtheta": 0.0,
    "B_sld_solvent_mphi": 0.0,
    "B_sld_core_M0": 0.0,
    "B_sld_core_mtheta": 0.0,
    "B_sld_core_mphi": 0.0,
    "B_sld_corona_M0": 0.0,
    "B_sld_corona_mtheta": 0.0,
    "B_sld_corona_mphi": 0.0
}