{
    "scale": 9.431633008880672e-07,
    "background": 0.0,
    "v_core": 10046.290222061862,
    "v_corona": 30174.64720046328,
    "sld_solvent": 6.349,
    "sld_core": 1.85,
    "sld_corona": 0.817,
    "radius_core": 15.04450318540324,
    "radius_core_pd": 0.4839296210679672,
    "radius_core_pd_n": 35.0,
    "radius_core_pd_nsigma": 3.0,
    "length_core": 72.87086906149283,
    "length_core_pd": 0.0,
    "length_core_pd_n": 35.0,
    "length_core_pd_nsigma": 3.0,
    "rg": 199.99999984924546,
    "rg_pd": 2.100136899216397e-05,
    "rg_pd_n": 35.0,
    "rg_pd_nsigma": 3.0,
    "d_penetration": 0.99999999905955,
    "n_aggreg": 5.157672984101194,
    "up_frac_i": 0.0,
    "up_frac_f": 0.0,
    "up_angle": 0.0,
    "up_phi": 0.0,
    "sld_solvent_M0": 0.0,
    "sld_solvent_mtheta": 0.0,
    "sld_solvent_mphi": 0.0,
    "sld_core_M0": 0.0,
    "sld_core_mtheta": 0.0,
    "sld_core_mphi": 0.0,
    "sld_corona_M0": 0.0,
    "sld_corona_mtheta": 0.0,
    "sld_corona_mphi": 0.0
}