{
    "scale": 4.268636435500002e-07,
    "background": 0.0,
    "v_core": 10046.290222061862,
    "v_corona": 30174.64720046328,
    "sld_solvent": 6.355,
    "sld_core": 1.85,
    "sld_corona": 0.817,
    "radius_core": 72.22401433565432,
    "radius_core_pd": 0.09671095740140395,
    "radius_core_pd_n": 35.0,
    "radius_core_pd_nsigma": 3.0,
    "length_core": 27.58104791618593,
    "length_core_pd": 0.0,
    "length_core_pd_n": 35.0,
    "length_core_pd_nsigma": 3.0,
    "rg": 43.3710408515893,
    "rg_pd": 0.1884960874511107,
    "rg_pd_n": 35.0,
    "rg_pd_nsigma": 3.0,
    "d_penetration": 0.9999999999999254,
    "n_aggreg": 44.990224734165956,
    "up_frac_i": 0.0,
    "up_frac_f": 0.0,
    "up_angle": 0.0,
    "up_phi": 0.0,
    "sld_solvent_M0": 0.0,
    "sld_solvent_mtheta": 0.0,
    "sld_solvent_mphi": 0.0,
    "sld_core_M0": 0.0,
    "sld_core_mtheta": 0.0,
    "sld_core_mphi": 0.0,
    "sld_corona_M0": 0.0,
    "sld_corona_mtheta": 0.0,
    "sld_corona_mphi": 0.0
}