{
    "scale": 1.0207338422128022e-06,
    "background": 0.0,
    "v_core": 10046.290222061862,
    "v_corona": 30174.64720046328,
    "sld_solvent": 3.156,
    "sld_core": 1.85,
    "sld_corona": 0.817,
    "radius_core": 1.7882487420769635,
    "radius_core_pd": 0.45570468448322293,
    "radius_core_pd_n": 35.0,
    "radius_core_pd_nsigma": 3.0,
    "length_core": 999.9999805952464,
    "length_core_pd": 0.0,
    "length_core_pd_n": 35.0,
    "length_core_pd_nsigma": 3.0,
    "rg": 39.30611772753222,
    "rg_pd": 2.5743828121936456e-05,
    "rg_pd_n": 35.0,
    "rg_pd_nsigma": 3.0,
    "d_penetration": 0.7500000102936318,
    "n_aggreg": 1.0000000013549264,
    "up_frac_i": 0.0,
    "up_frac_f": 0.0,
    "up_angle": 0.0,
    "up_phi": 0.0,
    "sld_solvent_M0": 0.0,
    "sld_solvent_mtheta": 0.0,
    "sld_solvent_mphi": 0.0,
    "sld_core_M0": 0.0,
    "sld_core_mtheta": 0.0,
    "sld_core_mphi": 0.0,
    "sld_corona_M0": 0.0,
    "sld_corona_mtheta": 0.0,
    "sld_corona_mphi": 0.0
}