{
    "scale": 1.8158608659543758e-07,
    "background": 0.0,
    "v_core": 15478.728638436052,
    "v_corona": 13643.24977348233,
    "sld_solvent": 6.352,
    "sld_core": 1.85,
    "sld_corona": 0.817,
    "radius_core": 104.27241715216226,
    "radius_core_pd": 0.4868588618543873,
    "radius_core_pd_n": 35.0,
    "radius_core_pd_nsigma": 3.0,
    "length_core": 136.58216961414556,
    "length_core_pd": 0.0,
    "length_core_pd_n": 35.0,
    "length_core_pd_nsigma": 3.0,
    "rg": 17.057810301099764,
    "rg_pd": 0.299999999911215,
    "rg_pd_n": 35.0,
    "rg_pd_nsigma": 3.0,
    "d_penetration": 0.9999999999815082,
    "n_aggreg": 301.4029339282693,
    "up_frac_i": 0.0,
    "up_frac_f": 0.0,
    "up_angle": 0.0,
    "up_phi": 0.0,
    "sld_solvent_M0": 0.0,
    "sld_solvent_mtheta": 0.0,
    "sld_solvent_mphi": 0.0,
    "sld_core_M0": 0.0,
    "sld_core_mtheta": 0.0,
    "sld_core_mphi": 0.0,
    "sld_corona_M0": 0.0,
    "sld_corona_mtheta": 0.0,
    "sld_corona_mphi": 0.0
}