{
    "scale": 1.2117307364510802e-07,
    "background": 0.0,
    "v_core": 23441.343851477675,
    "v_corona": 13145.839625490788,
    "sld_solvent": 5.664,
    "sld_core": 1.85,
    "sld_corona": 0.817,
    "radius_core": 81.27241376179019,
    "radius_core_pd": 0.4906654785136949,
    "radius_core_pd_n": 35.0,
    "radius_core_pd_nsigma": 3.0,
    "length_core": 212.84844646141744,
    "length_core_pd": 0.0,
    "length_core_pd_n": 35.0,
    "length_core_pd_nsigma": 3.0,
    "rg": 9.921015857257958,
    "rg_pd": 0.29999999173510294,
    "rg_pd_n": 35.0,
    "rg_pd_nsigma": 3.0,
    "d_penetration": 0.9999999993863542,
    "n_aggreg": 188.4187718511633,
    "up_frac_i": 0.0,
    "up_frac_f": 0.0,
    "up_angle": 0.0,
    "up_phi": 0.0,
    "sld_solvent_M0": 0.0,
    "sld_solvent_mtheta": 0.0,
    "sld_solvent_mphi": 0.0,
    "sld_core_M0": 0.0,
    "sld_core_mtheta": 0.0,
    "sld_core_mphi": 0.0,
    "sld_corona_M0": 0.0,
    "sld_corona_mtheta": 0.0,
    "sld_corona_mphi": 0.0
}