{
    "scale": 1.602635826846113e-07,
    "background": 0.0,
    "v_core": 23441.343851477675,
    "v_corona": 13145.839625490788,
    "sld_solvent": 6.355,
    "sld_core": 1.85,
    "sld_corona": 0.817,
    "radius_core": 122.87832609825352,
    "radius_core_pd": 0.49324200232856824,
    "radius_core_pd_n": 35.0,
    "radius_core_pd_nsigma": 3.0,
    "length_core": 321.42749575484396,
    "length_core_pd": 0.0,
    "length_core_pd_n": 35.0,
    "length_core_pd_nsigma": 3.0,
    "rg": 20.456042861808633,
    "rg_pd": 0.29999999996781157,
    "rg_pd_n": 35.0,
    "rg_pd_nsigma": 3.0,
    "d_penetration": 0.9132066052623234,
    "n_aggreg": 650.4306005674697,
    "up_frac_i": 0.0,
    "up_frac_f": 0.0,
    "up_angle": 0.0,
    "up_phi": 0.0,
    "sld_solvent_M0": 0.0,
    "sld_solvent_mtheta": 0.0,
    "sld_solvent_mphi": 0.0,
    "sld_core_M0": 0.0,
    "sld_core_mtheta": 0.0,
    "sld_core_mphi": 0.0,
    "sld_corona_M0": 0.0,
    "sld_corona_mtheta": 0.0,
    "sld_corona_mphi": 0.0
}