{
    "scale": 1.3499176006873725e-07,
    "background": 0.0,
    "v_core": 14883.392921573128,
    "v_corona": 36575.32993995549,
    "sld_solvent": 6.355,
    "sld_core": 1.85,
    "sld_corona": 0.817,
    "radius_core": 28.958810270105378,
    "radius_core_pd": 0.3506333836566414,
    "radius_core_pd_n": 35.0,
    "radius_core_pd_nsigma": 3.0,
    "length_core": 505.99964397545006,
    "length_core_pd": 0.0,
    "length_core_pd_n": 35.0,
    "length_core_pd_nsigma": 3.0,
    "rg": 36.25373277297873,
    "rg_pd": 0.0,
    "rg_pd_n": 35.0,
    "rg_pd_nsigma": 3.0,
    "d_penetration": 1.0,
    "n_aggreg": 89.56937994545105,
    "up_frac_i": 0.0,
    "up_frac_f": 0.0,
    "up_angle": 0.0,
    "up_phi": 0.0,
    "sld_solvent_M0": 0.0,
    "sld_solvent_mtheta": 0.0,
    "sld_solvent_mphi": 0.0,
    "sld_core_M0": 0.0,
    "sld_core_mtheta": 0.0,
    "sld_core_mphi": 0.0,
    "sld_corona_M0": 0.0,
    "sld_corona_mtheta": 0.0,
    "sld_corona_mphi": 0.0
}