{
    "scale": 1,
    "background": 0.0,
    "A_scale": 1.0,
    "A_radius_effective": 76.57700001763929,
    "A_volfraction": 0.991651472331298,
    "B_scale": 3.910309254600762e-07,
    "B_v_core": 23441.343851477675,
    "B_v_corona": 13145.839625490788,
    "B_sld_solvent": 6.352,
    "B_sld_core": 1.85,
    "B_sld_corona": 0.817,
    "B_radius_core": 143.6664619447053,
    "B_radius_core_pd": 0.08478020017152307,
    "B_radius_core_pd_n": 35.0,
    "B_radius_core_pd_nsigma": 3.0,
    "B_rg": 41.851268762323315,
    "B_rg_pd": 0.2882097522063273,
    "B_rg_pd_n": 35.0,
    "B_rg_pd_nsigma": 3.0,
    "B_d_penetration": 0.9962091798232631,
    "B_n_aggreg": 529.8736140610063,
    "up_frac_i": 0.0,
    "up_frac_f": 0.0,
    "up_angle": 0.0,
    "up_phi": 0.0,
    "B_sld_solvent_M0": 0.0,
    "B_sld_solvent_mtheta": 0.0,
    "B_sld_solvent_mphi": 0.0,
    "B_sld_core_M0": 0.0,
    "B_sld_core_mtheta": 0.0,
    "B_sld_core_mphi": 0.0,
    "B_sld_corona_M0": 0.0,
    "B_sld_corona_mtheta": 0.0,
    "B_sld_corona_mphi": 0.0
}