{
    "scale": 1,
    "background": 0.0,
    "A_scale": 1.0,
    "A_radius_effective": 70.39009816994938,
    "A_volfraction": 0.9986788828316446,
    "B_scale": 2.753018997909221e-07,
    "B_v_core": 8930.035752943877,
    "B_v_corona": 12790.546662639685,
    "B_sld_solvent": 6.352,
    "B_sld_core": 1.85,
    "B_sld_corona": 0.817,
    "B_radius_core": 76.51368209932947,
    "B_radius_core_pd": 0.19553106124659125,
    "B_radius_core_pd_n": 35.0,
    "B_radius_core_pd_nsigma": 3.0,
    "B_rg": 16.585795422116192,
    "B_rg_pd": 0.29511011590179625,
    "B_rg_pd_n": 35.0,
    "B_rg_pd_nsigma": 3.0,
    "B_d_penetration": 0.9968993891156607,
    "B_n_aggreg": 210.1129006064596,
    "up_frac_i": 0.0,
    "up_frac_f": 0.0,
    "up_angle": 0.0,
    "up_phi": 0.0,
    "B_sld_solvent_M0": 0.0,
    "B_sld_solvent_mtheta": 0.0,
    "B_sld_solvent_mphi": 0.0,
    "B_sld_core_M0": 0.0,
    "B_sld_core_mtheta": 0.0,
    "B_sld_core_mphi": 0.0,
    "B_sld_corona_M0": 0.0,
    "B_sld_corona_mtheta": 0.0,
    "B_sld_corona_mphi": 0.0
}