{
    "scale": 1,
    "background": 0.0,
    "A_scale": 1.0,
    "A_radius_effective": 89.25181455773578,
    "A_volfraction": 0.9970823303499892,
    "B_scale": 5.70569451380324e-07,
    "B_v_core": 10046.290222061862,
    "B_v_corona": 30174.64720046328,
    "B_sld_solvent": 6.355,
    "B_sld_core": 1.85,
    "B_sld_corona": 0.817,
    "B_radius_core": 54.1348395617592,
    "B_radius_core_pd": 0.162635778277911,
    "B_radius_core_pd_n": 35.0,
    "B_radius_core_pd_nsigma": 3.0,
    "B_rg": 48.83295874737355,
    "B_rg_pd": 0.050530391608266834,
    "B_rg_pd_n": 35.0,
    "B_rg_pd_nsigma": 3.0,
    "B_d_penetration": 0.9983112108984693,
    "B_n_aggreg": 66.1475024744864,
    "up_frac_i": 0.0,
    "up_frac_f": 0.0,
    "up_angle": 0.0,
    "up_phi": 0.0,
    "B_sld_solvent_M0": 0.0,
    "B_sld_solvent_mtheta": 0.0,
    "B_sld_solvent_mphi": 0.0,
    "B_sld_core_M0": 0.0,
    "B_sld_core_mtheta": 0.0,
    "B_sld_core_mphi": 0.0,
    "B_sld_corona_M0": 0.0,
    "B_sld_corona_mtheta": 0.0,
    "B_sld_corona_mphi": 0.0
}