{
    "scale": 1,
    "background": 0.0,
    "A_scale": 1.0,
    "A_radius_effective": 94.35401128555647,
    "A_volfraction": 0.9976487967349117,
    "B_scale": 4.916738895593644e-07,
    "B_v_core": 14883.392921573128,
    "B_v_corona": 36575.32993995549,
    "B_sld_solvent": 6.355,
    "B_sld_core": 1.85,
    "B_sld_corona": 0.817,
    "B_radius_core": 58.681572255588804,
    "B_radius_core_pd": 0.35185838126342484,
    "B_radius_core_pd_n": 35.0,
    "B_radius_core_pd_nsigma": 3.0,
    "B_rg": 41.869249002049514,
    "B_rg_pd": 0.06257014432042686,
    "B_rg_pd_n": 35.0,
    "B_rg_pd_nsigma": 3.0,
    "B_d_penetration": 0.9997498292161497,
    "B_n_aggreg": 56.87113374758808,
    "up_frac_i": 0.0,
    "up_frac_f": 0.0,
    "up_angle": 0.0,
    "up_phi": 0.0,
    "B_sld_solvent_M0": 0.0,
    "B_sld_solvent_mtheta": 0.0,
    "B_sld_solvent_mphi": 0.0,
    "B_sld_core_M0": 0.0,
    "B_sld_core_mtheta": 0.0,
    "B_sld_core_mphi": 0.0,
    "B_sld_corona_M0": 0.0,
    "B_sld_corona_mtheta": 0.0,
    "B_sld_corona_mphi": 0.0
}