{
    "scale": 1,
    "background": 0.0,
    "A_scale": 1.0,
    "A_radius_effective": 37.575109845837005,
    "A_volfraction": 0.9846653424666617,
    "B_scale": 6.001801423347114e-07,
    "B_v_core": 10046.290222061862,
    "B_v_corona": 30174.64720046328,
    "B_sld_solvent": 6.352,
    "B_sld_core": 1.85,
    "B_sld_corona": 0.817,
    "B_radius_core": 56.1771391328285,
    "B_radius_core_pd": 0.3130314917562333,
    "B_radius_core_pd_n": 35.0,
    "B_radius_core_pd_nsigma": 3.0,
    "B_rg": 56.58721809626745,
    "B_rg_pd": 0.03506882037411042,
    "B_rg_pd_n": 35.0,
    "B_rg_pd_nsigma": 3.0,
    "B_d_penetration": 0.9985483714549371,
    "B_n_aggreg": 73.919963720238,
    "up_frac_i": 0.0,
    "up_frac_f": 0.0,
    "up_angle": 0.0,
    "up_phi": 0.0,
    "B_sld_solvent_M0": 0.0,
    "B_sld_solvent_mtheta": 0.0,
    "B_sld_solvent_mphi": 0.0,
    "B_sld_core_M0": 0.0,
    "B_sld_core_mtheta": 0.0,
    "B_sld_core_mphi": 0.0,
    "B_sld_corona_M0": 0.0,
    "B_sld_corona_mtheta": 0.0,
    "B_sld_corona_mphi": 0.0
}