{
    "scale": 1,
    "background": 0.0,
    "A_scale": 1.0,
    "A_radius_effective": 49.18155723292493,
    "A_volfraction": 0.9919163180220897,
    "B_scale": 3.3818905352874353e-07,
    "B_v_core": 14883.392921573128,
    "B_v_corona": 36575.32993995549,
    "B_sld_solvent": 6.357,
    "B_sld_core": 1.85,
    "B_sld_corona": 0.817,
    "B_radius_core": 63.44349374505701,
    "B_radius_core_pd": 0.2765200234977884,
    "B_radius_core_pd_n": 35.0,
    "B_radius_core_pd_nsigma": 3.0,
    "B_rg": 34.335603436523705,
    "B_rg_pd": 0.11283319833159694,
    "B_rg_pd_n": 35.0,
    "B_rg_pd_nsigma": 3.0,
    "B_d_penetration": 0.8473951575216022,
    "B_n_aggreg": 71.87004799940087,
    "up_frac_i": 0.0,
    "up_frac_f": 0.0,
    "up_angle": 0.0,
    "up_phi": 0.0,
    "B_sld_solvent_M0": 0.0,
    "B_sld_solvent_mtheta": 0.0,
    "B_sld_solvent_mphi": 0.0,
    "B_sld_core_M0": 0.0,
    "B_sld_core_mtheta": 0.0,
    "B_sld_core_mphi": 0.0,
    "B_sld_corona_M0": 0.0,
    "B_sld_corona_mtheta": 0.0,
    "B_sld_corona_mphi": 0.0
}