{
    "D50F25b_10dTol.sub": {
        "scale": 4.544806002056562e-08,
        "background": 0.0,
        "v_core": 974631.8710346896,
        "v_corona": 378023.8875370286,
        "sld_solvent": 6.352,
        "sld_core": 1.85,
        "sld_corona": 0.817,
        "radius_core": 88.70772784452461,
        "radius_core_pd": 0.110890490295883,
        "radius_core_pd_n": 35.0,
        "radius_core_pd_nsigma": 3.0,
        "rg": 21.397418818085328,
        "rg_pd": 0.0,
        "rg_pd_n": 35.0,
        "rg_pd_nsigma": 3.0,
        "d_penetration": 1.099931728076927,
        "n_aggreg": 3.0000767585178174,
        "up_frac_i": 0.0,
        "up_frac_f": 0.0,
        "up_angle": 0.0,
        "up_phi": 0.0,
        "sld_solvent_M0": 0.0,
        "sld_solvent_mtheta": 0.0,
        "sld_solvent_mphi": 0.0,
        "sld_core_M0": 0.0,
        "sld_core_mtheta": 0.0,
        "sld_core_mphi": 0.0,
        "sld_corona_M0": 0.0,
        "sld_corona_mtheta": 0.0,
        "sld_corona_mphi": 0.0
    },
    "D50F25b_10dTHF75.sub": {
        "scale": 2.848943744523241e-07,
        "background": 0.0,
        "v_core": 974631.8710346896,
        "v_corona": 378023.8875370286,
        "sld_solvent": 6.352,
        "sld_core": 1.85,
        "sld_corona": 0.817,
        "radius_core": 101.5103148889895,
        "radius_core_pd": 0.3119233588824014,
        "radius_core_pd_n": 35.0,
        "radius_core_pd_nsigma": 3.0,
        "rg": 60.05292110623056,
        "rg_pd": 0.0,
        "rg_pd_n": 35.0,
        "rg_pd_nsigma": 3.0,
        "d_penetration": 0.7500097239073558,
        "n_aggreg": 4.495505416479789,
        "up_frac_i": 0.0,
        "up_frac_f": 0.0,
        "up_angle": 0.0,
        "up_phi": 0.0,
        "sld_solvent_M0": 0.0,
        "sld_solvent_mtheta": 0.0,
        "sld_solvent_mphi": 0.0,
        "sld_core_M0": 0.0,
        "sld_core_mtheta": 0.0,
        "sld_core_mphi": 0.0,
        "sld_corona_M0": 0.0,
        "sld_corona_mtheta": 0.0,
        "sld_corona_mphi": 0.0
    },
    "D50F50_10dTHF75.sub": {
        "scale": 3.5634875629392623e-07,
        "background": 0.0,
        "v_core": 320718.313196393,
        "v_corona": 73736.48494408687,
        "sld_solvent": 6.355,
        "sld_core": 1.85,
        "sld_corona": 0.817,
        "radius_core": 124.18092297829035,
        "radius_core_pd": 0.21531034271526553,
        "radius_core_pd_n": 35.0,
        "radius_core_pd_nsigma": 3.0,
        "rg": 32.71976598137781,
        "rg_pd": 0.0,
        "rg_pd_n": 35.0,
        "rg_pd_nsigma": 3.0,
        "d_penetration": 0.8471818633243213,
        "n_aggreg": 25.010910405986284,
        "up_frac_i": 0.0,
        "up_frac_f": 0.0,
        "up_angle": 0.0,
        "up_phi": 0.0,
        "sld_solvent_M0": 0.0,
        "sld_solvent_mtheta": 0.0,
        "sld_solvent_mphi": 0.0,
        "sld_core_M0": 0.0,
        "sld_core_mtheta": 0.0,
        "sld_core_mphi": 0.0,
        "sld_corona_M0": 0.0,
        "sld_corona_mtheta": 0.0,
        "sld_corona_mphi": 0.0
    },
    "D50F50_10dTol.sub": {
        "scale": 1.3886515733194317e-07,
        "background": 0.0,
        "v_core": 320718.313196393,
        "v_corona": 73736.48494408687,
        "sld_solvent": 6.355,
        "sld_core": 1.85,
        "sld_corona": 0.817,
        "radius_core": 80.29883015746954,
        "radius_core_pd": 0.11793606565512713,
        "radius_core_pd_n": 35.0,
        "radius_core_pd_nsigma": 3.0,
        "rg": 16.6185882520489,
        "rg_pd": 0.0,
        "rg_pd_n": 35.0,
        "rg_pd_nsigma": 3.0,
        "d_penetration": 1.0999893096895594,
        "n_aggreg": 6.762269967959983,
        "up_frac_i": 0.0,
        "up_frac_f": 0.0,
        "up_angle": 0.0,
        "up_phi": 0.0,
        "sld_solvent_M0": 0.0,
        "sld_solvent_mtheta": 0.0,
        "sld_solvent_mphi": 0.0,
        "sld_core_M0": 0.0,
        "sld_core_mtheta": 0.0,
        "sld_core_mphi": 0.0,
        "sld_corona_M0": 0.0,
        "sld_corona_mtheta": 0.0,
        "sld_corona_mphi": 0.0
    },
    "D50F50_10dTHF50.sub": {
        "scale": 3.6519559393776904e-07,
        "background": 0.0,
        "v_core": 320718.313196393,
        "v_corona": 73736.48494408687,
        "sld_solvent": 6.355,
        "sld_core": 1.85,
        "sld_corona": 0.817,
        "radius_core": 145.2213883398143,
        "radius_core_pd": 0.3658566163757865,
        "radius_core_pd_n": 35.0,
        "radius_core_pd_nsigma": 3.0,
        "rg": 54.032434670778116,
        "rg_pd": 0.0,
        "rg_pd_n": 35.0,
        "rg_pd_nsigma": 3.0,
        "d_penetration": 0.7500023691565597,
        "n_aggreg": 39.99968795273088,
        "up_frac_i": 0.0,
        "up_frac_f": 0.0,
        "up_angle": 0.0,
        "up_phi": 0.0,
        "sld_solvent_M0": 0.0,
        "sld_solvent_mtheta": 0.0,
        "sld_solvent_mphi": 0.0,
        "sld_core_M0": 0.0,
        "sld_core_mtheta": 0.0,
        "sld_core_mphi": 0.0,
        "sld_corona_M0": 0.0,
        "sld_corona_mtheta": 0.0,
        "sld_corona_mphi": 0.0
    },
    "D50F75_10dTHF75.sub": {
        "scale": 3.298524211271208e-07,
        "background": 0.0,
        "v_core": 467832.90392325434,
        "v_corona": 108716.81852915618,
        "sld_solvent": 6.355,
        "sld_core": 1.85,
        "sld_corona": 0.817,
        "radius_core": 158.00896367656665,
        "radius_core_pd": 0.43404433858458524,
        "radius_core_pd_n": 35.0,
        "radius_core_pd_nsigma": 3.0,
        "rg": 55.246505936555586,
        "rg_pd": 0.0,
        "rg_pd_n": 35.0,
        "rg_pd_nsigma": 3.0,
        "d_penetration": 0.7500014187563877,
        "n_aggreg": 35.32181566997578,
        "up_frac_i": 0.0,
        "up_frac_f": 0.0,
        "up_angle": 0.0,
        "up_phi": 0.0,
        "sld_solvent_M0": 0.0,
        "sld_solvent_mtheta": 0.0,
        "sld_solvent_mphi": 0.0,
        "sld_core_M0": 0.0,
        "sld_core_mtheta": 0.0,
        "sld_core_mphi": 0.0,
        "sld_corona_M0": 0.0,
        "sld_corona_mtheta": 0.0,
        "sld_corona_mphi": 0.0
    },
    "D50F75_10dTol.sub": {
        "scale": 1.8987582034831346e-07,
        "background": 0.0,
        "v_core": 467832.90392325434,
        "v_corona": 108716.81852915618,
        "sld_solvent": 6.355,
        "sld_core": 1.85,
        "sld_corona": 0.817,
        "radius_core": 110.8924695314344,
        "radius_core_pd": 0.1979002985772259,
        "radius_core_pd_n": 35.0,
        "radius_core_pd_nsigma": 3.0,
        "rg": 36.00991243816065,
        "rg_pd": 0.0,
        "rg_pd_n": 35.0,
        "rg_pd_nsigma": 3.0,
        "d_penetration": 0.8423292698266609,
        "n_aggreg": 12.209672390381906,
        "up_frac_i": 0.0,
        "up_frac_f": 0.0,
        "up_angle": 0.0,
        "up_phi": 0.0,
        "sld_solvent_M0": 0.0,
        "sld_solvent_mtheta": 0.0,
        "sld_solvent_mphi": 0.0,
        "sld_core_M0": 0.0,
        "sld_core_mtheta": 0.0,
        "sld_core_mphi": 0.0,
        "sld_corona_M0": 0.0,
        "sld_corona_mtheta": 0.0,
        "sld_corona_mphi": 0.0
    },
    "D50F75_10dTHF50.sub": {
        "scale": 3.465064441121126e-07,
        "background": 0.0,
        "v_core": 467832.90392325434,
        "v_corona": 108716.81852915618,
        "sld_solvent": 6.355,
        "sld_core": 1.85,
        "sld_corona": 0.817,
        "radius_core": 164.69763108105246,
        "radius_core_pd": 0.20711805854479737,
        "radius_core_pd_n": 35.0,
        "radius_core_pd_nsigma": 3.0,
        "rg": 68.24681188947778,
        "rg_pd": 0.0,
        "rg_pd_n": 35.0,
        "rg_pd_nsigma": 3.0,
        "d_penetration": 0.7500012457741126,
        "n_aggreg": 39.9999918989745,
        "up_frac_i": 0.0,
        "up_frac_f": 0.0,
        "up_angle": 0.0,
        "up_phi": 0.0,
        "sld_solvent_M0": 0.0,
        "sld_solvent_mtheta": 0.0,
        "sld_solvent_mphi": 0.0,
        "sld_core_M0": 0.0,
        "sld_core_mtheta": 0.0,
        "sld_core_mphi": 0.0,
        "sld_corona_M0": 0.0,
        "sld_corona_mtheta": 0.0,