{
    "D50F25b_10dTol.sub": {
        "scale": 5.62394125229537e-08,
        "background": 0.0,
        "v_core": 4745002.4390658755,
        "v_corona": 659632.5809164904,
        "sld_solvent": 6.352,
        "sld_core": 1.85,
        "sld_corona": 0.817,
        "radius_core": 78.20079320881158,
        "radius_core_pd": 0.48834246719120505,
        "radius_core_pd_n": 35.0,
        "radius_core_pd_nsigma": 3.0,
        "rg": 20.746859135622575,
        "rg_pd": 0.0,
        "rg_pd_n": 35.0,
        "rg_pd_nsigma": 3.0,
        "d_penetration": 1.0491874404543768,
        "n_aggreg": 67.0,
        "up_frac_i": 0.0,
        "up_frac_f": 0.0,
        "up_angle": 0.0,
        "up_phi": 0.0,
        "sld_solvent_M0": 0.0,
        "sld_solvent_mtheta": 0.0,
        "sld_solvent_mphi": 0.0,
        "sld_core_M0": 0.0,
        "sld_core_mtheta": 0.0,
        "sld_core_mphi": 0.0,
        "sld_corona_M0": 0.0,
        "sld_corona_mtheta": 0.0,
        "sld_corona_mphi": 0.0
    },
    "D50F25b_10dTHF75.sub": {
        "scale": 2.5356092601816025e-07,
        "background": 0.0,
        "v_core": 4745002.4390658755,
        "v_corona": 659632.5809164904,
        "sld_solvent": 6.352,
        "sld_core": 1.85,
        "sld_corona": 0.817,
        "radius_core": 109.2715396926401,
        "radius_core_pd": 0.10260085946848119,
        "radius_core_pd_n": 35.0,
        "radius_core_pd_nsigma": 3.0,
        "rg": 50.5532770120219,
        "rg_pd": 0.0,
        "rg_pd_n": 35.0,
        "rg_pd_nsigma": 3.0,
        "d_penetration": 0.7732176305152966,
        "n_aggreg": 67.0,
        "up_frac_i": 0.0,
        "up_frac_f": 0.0,
        "up_angle": 0.0,
        "up_phi": 0.0,
        "sld_solvent_M0": 0.0,
        "sld_solvent_mtheta": 0.0,
        "sld_solvent_mphi": 0.0,
        "sld_core_M0": 0.0,
        "sld_core_mtheta": 0.0,
        "sld_core_mphi": 0.0,
        "sld_corona_M0": 0.0,
        "sld_corona_mtheta": 0.0,
        "sld_corona_mphi": 0.0
    },
    "D50F50_10dTHF75.sub": {
        "scale": 3.5125527594254395e-07,
        "background": 0.0,
        "v_core": 162445.13999289207,
        "v_corona": 36816.75752226401,
        "sld_solvent": 6.355,
        "sld_core": 1.85,
        "sld_corona": 0.817,
        "radius_core": 123.05652416044099,
        "radius_core_pd": 0.10922919916742854,
        "radius_core_pd_n": 35.0,
        "radius_core_pd_nsigma": 3.0,
        "rg": 19.299677771700775,
        "rg_pd": 0.0,
        "rg_pd_n": 35.0,
        "rg_pd_nsigma": 3.0,
        "d_penetration": 1.0513895736790917,
        "n_aggreg": 67.0,
        "up_frac_i": 0.0,
        "up_frac_f": 0.0,
        "up_angle": 0.0,
        "up_phi": 0.0,
        "sld_solvent_M0": 0.0,
        "sld_solvent_mtheta": 0.0,
        "sld_solvent_mphi": 0.0,
        "sld_core_M0": 0.0,
        "sld_core_mtheta": 0.0,
        "sld_core_mphi": 0.0,
        "sld_corona_M0": 0.0,
        "sld_corona_mtheta": 0.0,
        "sld_corona_mphi": 0.0
    },
    "D50F50_10dTol.sub": {
        "scale": 1.4680053818068442e-07,
        "background": 0.0,
        "v_core": 162445.13999289207,
        "v_corona": 36816.75752226401,
        "sld_solvent": 6.355,
        "sld_core": 1.85,
        "sld_corona": 0.817,
        "radius_core": 76.13730425990124,
        "radius_core_pd": 0.25012273038360616,
        "radius_core_pd_n": 35.0,
        "radius_core_pd_nsigma": 3.0,
        "rg": 10.800633230550023,
        "rg_pd": 0.0,
        "rg_pd_n": 35.0,
        "rg_pd_nsigma": 3.0,
        "d_penetration": 0.9667710536984033,
        "n_aggreg": 67.0,
        "up_frac_i": 0.0,
        "up_frac_f": 0.0,
        "up_angle": 0.0,
        "up_phi": 0.0,
        "sld_solvent_M0": 0.0,
        "sld_solvent_mtheta": 0.0,
        "sld_solvent_mphi": 0.0,
        "sld_core_M0": 0.0,
        "sld_core_mtheta": 0.0,
        "sld_core_mphi": 0.0,
        "sld_corona_M0": 0.0,
        "sld_corona_mtheta": 0.0,
        "sld_corona_mphi": 0.0
    },
    "D50F50_10dTHF50.sub": {
        "scale": 3.569250178361874e-07,
        "background": 0.0,
        "v_core": 162445.13999289207,
        "v_corona": 36816.75752226401,
        "sld_solvent": 6.355,
        "sld_core": 1.85,
        "sld_corona": 0.817,
        "radius_core": 144.57951451736446,
        "radius_core_pd": 0.11100530016989936,
        "radius_core_pd_n": 35.0,
        "radius_core_pd_nsigma": 3.0,
        "rg": 36.40657611402907,
        "rg_pd": 0.0,
        "rg_pd_n": 35.0,
        "rg_pd_nsigma": 3.0,
        "d_penetration": 0.7847096564595015,
        "n_aggreg": 67.0,
        "up_frac_i": 0.0,
        "up_frac_f": 0.0,
        "up_angle": 0.0,
        "up_phi": 0.0,
        "sld_solvent_M0": 0.0,
        "sld_solvent_mtheta": 0.0,
        "sld_solvent_mphi": 0.0,
        "sld_core_M0": 0.0,
        "sld_core_mtheta": 0.0,
        "sld_core_mphi": 0.0,
        "sld_corona_M0": 0.0,
        "sld_corona_mtheta": 0.0,
        "sld_corona_mphi": 0.0
    },
    "D50F75_10dTHF75.sub": {
        "scale": 3.638698075860433e-07,
        "background": 0.0,
        "v_core": 54922.61499927305,
        "v_corona": 24521.15647139686,
        "sld_solvent": 6.355,
        "sld_core": 1.85,
        "sld_corona": 0.817,
        "radius_core": 152.85750690190562,
        "radius_core_pd": 0.13592995102337452,
        "radius_core_pd_n": 35.0,
        "radius_core_pd_nsigma": 3.0,
        "rg": 31.993155732371974,
        "rg_pd": 0.0,
        "rg_pd_n": 35.0,
        "rg_pd_nsigma": 3.0,
        "d_penetration": 0.9767116356174922,
        "n_aggreg": 67.0,
        "up_frac_i": 0.0,
        "up_frac_f": 0.0,
        "up_angle": 0.0,
        "up_phi": 0.0,
        "sld_solvent_M0": 0.0,
        "sld_solvent_mtheta": 0.0,
        "sld_solvent_mphi": 0.0,
        "sld_core_M0": 0.0,
        "sld_core_mtheta": 0.0,
        "sld_core_mphi": 0.0,
        "sld_corona_M0": 0.0,
        "sld_corona_mtheta": 0.0,
        "sld_corona_mphi": 0.0
    },
    "D50F75_10dTol.sub": {
        "scale": 1.8730560954300496e-07,
        "background": 0.0,
        "v_core": 54922.61499927305,
        "v_corona": 24521.15647139686,
        "sld_solvent": 6.355,
        "sld_core": 1.85,
        "sld_corona": 0.817,
        "radius_core": 103.51980512422385,
        "radius_core_pd": 0.104700856616215,
        "radius_core_pd_n": 35.0,
        "radius_core_pd_nsigma": 3.0,
        "rg": 16.813376821615552,
        "rg_pd": 0.0,
        "rg_pd_n": 35.0,
        "rg_pd_nsigma": 3.0,
        "d_penetration": 1.0992083077404438,
        "n_aggreg": 67.0,
        "up_frac_i": 0.0,
        "up_frac_f": 0.0,
        "up_angle": 0.0,
        "up_phi": 0.0,
        "sld_solvent_M0": 0.0,
        "sld_solvent_mtheta": 0.0,
        "sld_solvent_mphi": 0.0,
        "sld_core_M0": 0.0,
        "sld_core_mtheta": 0.0,
        "sld_core_mphi": 0.0,
        "sld_corona_M0": 0.0,
        "sld_corona_mtheta": 0.0,
        "sld_corona_mphi": 0.0
    },
    "D50F75_10dTHF50.sub": {
        "scale": 3.3570784490851107e-07,
        "background": 0.0,
        "v_core": 54922.61499927305,
        "v_corona": 24521.15647139686,
        "sld_solvent": 6.355,
        "sld_core": 1.85,
        "sld_corona": 0.817,
        "radius_core": 153.88922271392534,
        "radius_core_pd": 0.1318801320621061,
        "radius_core_pd_n": 35.0,
        "radius_core_pd_nsigma": 3.0,
        "rg": 31.355144539626323,
        "rg_pd": 0.0,
        "rg_pd_n": 35.0,
        "rg_pd_nsigma": 3.0,
        "d_penetration": 0.7863194445425952,
        "n_aggreg": 67.0,
        "up_frac_i": 0.0,
        "up_frac_f": 0.0,
        "up_angle": 0.0,
        "up_phi": 0.0,
        "sld_solvent_M0": 0.0,
        "sld_solvent_mtheta": 0.0,
        "sld_solvent_mphi": 0.0,
        "sld_core_M0": 0.0,
        "sld_core_mtheta": 0.0,
        "sld_core_mphi": 0.0,
        "sld_corona_M0": 0.0,
        "sld_corona_mtheta": 0.0,
        "sld_corona_mphi": 0.0
    },
    "P50F25_1dTHF50.sub": {
        "scale": 2.5242595290675092e-08,